{"file_hashes":[{"block_hashes":["3fFoWaFfPrMzTWJBl1yjmIrD6vw9lkUqw6Sv02RMhVA="],"block_size":4096,"path":"_locales/be/messages.json"},{"block_hashes":["pIJmMpKpE7AqnN5GNcfJInC/PIcm/SdEddwsSQAZp8k="],"block_size":4096,"path":"_locales/cy/messages.json"},{"block_hashes":["pBZw1SQjumnHpl5+FT57mZTo3QNwxYS9oHFL1hxJxXg="],"block_size":4096,"path":"_locales/eu/messages.json"},{"block_hashes":["mJBxDfD78dtBvOQf4vYkJKO9OddV0p6Cl0TtPaDCzh0="],"block_size":4096,"path":"_locales/gl/messages.json"},{"block_hashes":["Cxbj+L2QSnZyhDRa6GoKmSfEev6J4F6isTrYAAm9+eQ="],"block_size":4096,"path":"_locales/hy/messages.json"},{"block_hashes":["lD5hmIyFm7CI9UiInwRJiFUl3WYGJqibpnsslM+/uxs="],"block_size":4096,"path":"_locales/is/messages.json"},{"block_hashes":["u7gcMvSCujIWybEYnHDO85yowhga81OP+ge0xq1S8Go="],"block_size":4096,"path":"_locales/iw/messages.json"},{"block_hashes":["MImLv1G91Y2zl/94DwYeM0MaOO9c/CiLUXfs92s5nyY="],"block_size":4096,"path":"_locales/ka/messages.json"},{"block_hashes":["VI3GyW4xoWzjVdxVxkgzsI7z+6i/MxSQMbSmhZWeOvQ="],"block_size":4096,"path":"_locales/kk/messages.json"},{"block_hashes":["phGPCg3jKeB8AfU81vtP7UPlTF9T20zRx/WytNn7EOY="],"block_size":4096,"path":"_locales/km/messages.json"},{"block_hashes":["iQgvsFIpgmvCIvXSLBWCNfAl8ObfZ/8TWhi9iZ4Tu48="],"block_size":4096,"path":"_locales/lo/messages.json"},{"block_hashes":["YT2HUfbMnT+jGfS36osr077Tf9B3SCyoJZKd18Eqaag="],"block_size":4096,"path":"_locales/mn/messages.json"},{"block_hashes":["JDvvvWtnohQz3Ml9wacoiW06Bw3CAFXrBNZE4buVX+c="],"block_size":4096,"path":"_locales/my/messages.json"},{"block_hashes":["Fg4c1ZPJAccpHqTsunNRkdeT3f1+lkagVgSYYn9h2m8="],"block_size":4096,"path":"_locales/ne/messages.json"},{"block_hashes":["u9N9Qbfeb5OUj6JDenaZ1MMKPDnnNheXAvISyzajEzw="],"block_size":4096,"path":"_locales/pa/messages.json"},{"block_hashes":["VCQevmUag0QjXMR6/SdMCAq668jDolr7ldg3O2pWcKI="],"block_size":4096,"path":"_locales/si/messages.json"},{"block_hashes":["MPRM+tBS1z2G0S+iDPwRFWOjsuRSO0P31m2TS6jazpE="],"block_size":4096,"path":"_locales/zh_HK/messages.json"},{"block_hashes":["7Hjd1MzzK1127HAaIBZ8P70UbXmlBeT7BCH8Hlz0qmM="],"block_size":4096,"path":"_locales/zu/messages.json"},{"block_hashes":["bGnOD+b6sU8ZkKMg1wT+42LBdcAOtskiSqb0EQiRjKY="],"block_size":4096,"path":"dasherSettingSchema.json"},{"block_hashes":["ufotUqT/q7Q4tWGEExuJOwRlWwHzNgZkFdT+g57+ZOc="],"block_size":4096,"path":"offscreendocument.html"},{"block_hashes":["+hsviSN3DbyhxmCkVzPdEr13BqAYLN7jsNF8cZtnIAc=","buy6wYK/TuT3B0UTrgwg2o21gvLM75oi68hy8AdUjs0=","je1B0FMy8yiFu4VtKqQN8Bbz8sScUjeLk1k/MvEWOec=","F9y7oPbewjb0/sXQj0ZGm+0Ut4HfyDnGuwiTms3aif0=","D0LTME1eEOZfRnmV8Frv7tCWaGEIZQK8ozZzUzjHOCA=","ytRfW/hVO8+JS23XjX/1d0FKzswEfJq9+s1pqorNBIs=","X+zcKBUGslYRLGVMMeCxeQFP6gFnZ3bqtG9WV6WHpME=","EEnlsFszak3e4TScCzA30nEBwbY7Gx+4+AXpcbD8/is=","NFFRn74753LEj2dQc9/PCZvJqUNlcB3l64fbpO/7Bhk=","bskKV8JY/rk/teeoJEPbM60Alz5A4E3t1JtetkXz73o=","j0SVKub4X5+vaCFAdGvosVVjkZJpEd4ieQNXldVP1eg=","ev5skfSasXoqlOJoZ6bedP7/zW5T9lICO8ZTQkS6dEY=","s5tSQd65paybheh4+5Hx57e8wYFZWtLYwIX/duHsxYY=","hwS1gJ+LuipGJMcHzHoDHCh9MgwXUzj8HTazZBdjSDc=","DXCuSTdVyj/pcPdqjoiiVrXdzU6Exfv6JtuwVBkaETE=","+f2D8krZHFo2bIF5p/7UyA43UnyfsHi0+6M37Q9Ox1s=","rJ4AqJtsQTMkBD89JqN8PgTbExeykL9ANtNQuPpuBHg=","8MUf1xSoqtqh4G/XosaxOIs83wv9od5Svj/SIVvZoBc=","o/nLaao4Pd75MIjhsTr2tmFRmzbCpP2utOrABADpG5U=","K+VBvoNr65H3KrVtRC9wftcdWUTvkIJpQYqBMeI/ags=","AQROaykqJmu3VmulxfA35I5gwn6bayQv7EbdDCoqoTU=","nmqCTR2DOf7Ta25aSGWy7oVvzqs48AlnyvYniJGSgUM=","f/cHqUYlRujCUMWuH+nSIeZw7s9hBq5QuPglvUZSdqI=","IFJK5oaCQj2NBFC5L1tt5P5fiqbBZ/orQtXKBR0GPDI=","uDSwnbEihLAcXR3IR+RHmaf6F4eutNtPVJ4YBgYBZw0=","OycRludDBtmH1M2ukmj6lLAJDnKsEyaorlE6LzcAepY=","HIJOa8B/6D0D3dlq45ZFo9BqM4qjAQz+BFlTb0DYRjc=","qx9lRT3fMcFFgs3zfa/sDBZgZPXWDBCVv8PNH7uri40=","9lOgxtetFI4RoRgd58aNqtLa56MrWw2XFxSTBkimjvc=","4U6y78TJXDvH1sksOT2cpJ35CNrVmIRmBe5Yi51JxqM=","4emrofAuNb4gOe3gv2KpbN8B+oPXfkaAtqeWceeBN34=","b1n+4EqMYnZ2gk3yPPGd6AZl5xYUKlR3CWYHHJppPoI=","lh4EG+akJhjoJn0lVR5MDR278FQRARp/2qASw211v1s=","n3Qa2/so6iAJLbEU8lekeOYfitq537T8JKbB9QGSTJk=","CLqga0etPbtnpxvyTEcWEIfBeBKBPCT2IbKfix/q7Ms=","lfWtSBZrGODMIw7NRXbo9Q0jf8arUAkyULztUGXkbZI=","oWYpbwohTttFThDKZhk4kmcp76XBSieVsWdn6i7vHXI="],"block_size":4096,"path":"offscreendocument_main.js"},{"block_hashes":["SUgFD64kwdE1XHhipZb+55PI7XRt0qag9uKUNpctMwg="],"block_size":4096,"path":"page_embed_script.js"},{"block_hashes":["8sAZUBKmz9CwY4DJO3RMW7oMwF/eZEEE+HyanUcQhEw=","uyboiAvAlaW0Hhl39PwIMUH/HrRLu8pztbNxRtbg4DE=","je1B0FMy8yiFu4VtKqQN8Bbz8sScUjeLk1k/MvEWOec=","4KMhVcWtvSsPEFT/BYsD6PD2vVL30rlGr9xVIn7jA4M=","+D8C9iy/dVxTw5dJHUbPFG6X7uzzjNUJf6OfXlGhbm8=","Kqegn1DABSn/wgC+T9ScnCgRccPW5XO2xNl50imXXnI=","UVnfkJwwUXyITKH2+XC54X06j0xp+bJYY8Fo6w+l+wE=","K3V4xKo/FuKT/FZGaiR9GE/ZfBJBzRHjdqZfz2SgVI8=","fIYA2cH5HQ9bdwNl3b38d06VAG8/7WHsqgFmJXYUSRA=","YPAK7Gi2Dj3Nf3YDSsfzm/yEwvkLJkRCbH+xmewGqN8=","dkXSoggikQg+P6HaTLNQKdhpuXOIb/ftarUf+AaqP54=","u9E8//2N/r6fQe5WlVuiubnStcAUwv0bA38UMnaCrc8=","dTIAHz/iT3WspFpeAFat7mDKliFfyGojptGHCaUqm/Y=","9v78MlX/l7i/aLtAqJPp4DKbLFVHNyglwa4OIGQZNBw=","PmQDyZF9UTu2az82pi5Ksf9hegH5drPLYCoZJpertwI=","vDE0Z7QdG67l/eZyIUVNsgmI920B0iViEs0HcFjNKsM=","IkTAJ2Vjf+OT3Yr0+/LR0J+SWNv+O3wVyGznO/sMB+o=","XGlMJo68Pdo7HMxi4VRzQx2Tgh1wijvHVjnMe7CFP8w=","hullG6JzFluDnTgoQvXZpVRHKoPa3z080kffDoA4xo0=","fcscrmeTn7X+ZFZ995Qu4wIqgYXQoVIIF90nmg0tTEA=","f+Ne0PqMvrXjmB8JJS/DvW4MewK4/SyT1t6rnfFhqyM=","wm8ukXtV48EkkhMhlAkow9wcfo1XzVwq+IDcdsvLXwg=","2N+EQZ69DzAabPEsFtqcnqwLTHi8eF43+2fhtUvow+s=","rA5TO5cc3F+uCfjXc4nmyZFnw9e5WdQfJ9tgXM+G+Sk=","m5R4fg5xoDl7YOmjQVkzrQ9VJ9q8BPncF8Uklhc/m8s=","KU77YWcjMrHKaSDrfLBu1URza0D3MOtXCS8VwgfWqHM=","LFH6kKBmSAV/4HAJ/LI857X1WTAY3KKXTUxzkU2Kr/g=","C4igCvcYi6kauoRyIx/VKm3CFvlhJTh+0tDHcLXdD8o=","3eUibtUVV8diV8jQexggz6azdqdw6RMFmlsLaGyuHHs=","FKx4EmsQ2Zez7H1Hy5KAy9urIEvlgJ+a7N+c0ZcGd3E=","7A8j6PZai3KiqhVv+ZnmZiEeJrq0gcJVcud9TnwVbuU=","4QG+sDFLKuJRzNwBPI+JELQ6oNVhfFLxYC2dhmnEylA=","AvVyJNUTA1hn5ckgvWEdRqQs3xkylVdtqf+GR9F0/eo=","3mp1hyOGPHMOcJwQuu5McG8okYyUmRbM8gmr9dq2F/s=","vO3rD/BLNJLsi0GPzlqBh7m/FYvFE/mHDUwOiYPquxc=","U0NGLCyCORfMAG6iy45aV0LbakT107Wu0Um8V81Yk9A=","WKRx1H8bKz+2EbPZ9ShYKS8I1RqbeDpP5ZdK1qhOguQ=","w08o0Hng2x7g5Konjjjs8vtbi1ICuAZujq4BpZdstnU=","k/4iw0FGJKby1tCXwPLpneJAxVxO5pYGZu9MqIYu6rI="],"block_size":4096,"path":"service_worker_bin_prod.js"}],"version":2}